Query,Hotel
spacious,11 Cadogan Gardens
spacious,Hotel Liberty
spacious,Ibis Styles Paris Gare Saint Lazare
spacious,Villa Eugenie
spacious,ADI Doria Grand Hotel
spacious,ADI Hotel Poliziano Fiera
spacious,ARCOTEL Kaiserwasser Superior
spacious,ARCOTEL Wimberger
spacious,AZIMUT Hotel Vienna
spacious,Abba Garden
spacious,Abba Sants
spacious,Acad mie H tel Saint Germain
spacious,Acca Palace
spacious,Ace Hotel London Shoreditch
spacious,Acevi Villarroel
spacious,Acta Atrium Palace
spacious,Acta CITY47
spacious,Admiral Hotel
spacious,Adria Boutique Hotel
spacious,Ako Suites Hotel
spacious,Vincci Gala
spacious,Vincci Mae
spacious,Vincci Maritimo
spacious,W Amsterdam
spacious,W Barcelona
spacious,W London Leicester Square
spacious,W Paris Op ra
spacious,W12 Rooms
spacious,Waldorf Astoria Amsterdam
spacious,Waldorf Madeleine
spacious,Warwick Paris Former Warwick Champs Elysees 
spacious,Washington Mayfair Hotel
spacious,WestCord Art Hotel Amsterdam 4 stars
spacious,WestCord Fashion Hotel Amsterdam
spacious,Westside Arc de Triomphe Hotel
spacious,Wilson Boutique Hotel
spacious,Urban Lodge Hotel
spacious,Vice Versa
spacious,Victoire Germain
spacious,Victoires Opera
spacious,Victoria Palace Hotel
spacious,Vienna Marriott Hotel
spacious,Vienna Sporthotel
spacious,Vilana Hotel
spacious,Villa Alessandra
spacious,Villa Beaumarchais
spacious,Villa Lut ce Port Royal
spacious,Villa Montparnasse
spacious,Villa Opera Drouot
spacious,Villa Panth on
spacious,Villa d Estr es
spacious,Vincci Bit
spacious,TownHouse 33
spacious,TownHouse Duomo
spacious,TownHouse Galleria
spacious,Trinit Haussmann
spacious,Tryp Barcelona Apolo Hotel
spacious,Tryp Barcelona Condal Mar Hotel
spacious,Twenty Nevern Square Hotel
spacious,U232 Hotel
spacious,UNA Hotel Century
spacious,UNA Hotel Cusani
spacious,UNA Hotel Mediterraneo
spacious,UNA Hotel Scandinavia
spacious,UNA Maison Milano
spacious,United Lodge Hotel and Apartments
spacious,Upper Diagonal
spacious,Uptown Palace
spacious,The Whitechapel
spacious,The Wittmore Adults Only
spacious,The Yard Milano
spacious,The Zetter Hotel
spacious,The Zetter Townhouse Clerkenwell
spacious,The Zetter Townhouse Marylebone
spacious,TheWesley
spacious,Thistle Euston
spacious,Thistle Holborn The Kingsley
spacious,Thistle Hyde Park
spacious,Thistle Kensington Gardens
spacious,Thistle Trafalgar Square The Royal Trafalgar
spacious,Threadneedles Autograph Collection
spacious,Timhotel Op ra Blanche Fontaine
spacious,Timhotel Op ra Grands Magasins
spacious,TownHouse 12
spacious,The Square Milano Duomo
spacious,The Stafford London
spacious,The Student Hotel Amsterdam City
spacious,The Sumner Hotel
spacious,The Tophams Hotel
spacious,The Toren
spacious,The Tower A Guoman Hotel
spacious,The Trafalgar Hilton
spacious,The Victoria
spacious,The Waldorf Hilton
spacious,The Wellesley Knightsbridge a Luxury Collection Hotel London
spacious,The Westbourne Hyde Park
spacious,The Westbridge Hotel
spacious,The Westbury A Luxury Collection Hotel Mayfair London
spacious,The Westin Palace
spacious,The Westin Paris Vend me
couple room,Catalonia Catedral
couple room,The Lanesborough
couple room,IH Hotels Milano Gioia
couple room,Catalonia Born
couple room,Ozo Hotel
couple room,Hotel Erzherzog Rainer
couple room,Knightsbridge Hotel
couple room,Hotel K nig von Ungarn
couple room,My Chelsea
couple room,Vilana Hotel
couple room,The Rookery
couple room,Hotel Indigo Barcelona Plaza Catalunya
couple room,Hotel Casa Bonay
couple room,Saint Georges Hotel
couple room,Napoleon Paris
couple room,Grange Clarendon Hotel
couple room,Hotel D Este
couple room,Mercure Paris Opera Garnier
couple room,TRYP Paris Op ra
couple room,The Tophams Hotel
couple room,Eurostars Ramblas
couple room,Colombia
couple room,H10 London Waterloo
couple room,Exe Vienna
couple room,Rosa Grand Milano Starhotels Collezione
couple room,Hotel Whistler
couple room,Carlyle Brera Hotel
couple room,Hotel Romana Residence
couple room,Hotel Montaigne
couple room,H tel Chaplain Paris Rive Gauche
couple room,H10 Marina Barcelona
couple room,Amarante Champs Elys es
couple room,DoubleTree by Hilton London Hyde Park
couple room,H tel Les Dames du Panth on
couple room,ME Milan Il Duca
couple room,The Westbridge Hotel
couple room,Gardette Park Hotel
couple room,Les Matins de Paris Spa
couple room,Copthorne Tara Hotel London Kensington
couple room,Ace Hotel London Shoreditch
couple room,Mercure Milano Regency
couple room,Gran Hotel Barcino
couple room,Olivia Plaza Hotel
couple room,Barcelona Princess
couple room,Hotel Ambassador
couple room,The Cranley Hotel
couple room,Hotel Royal Elys es
couple room,Hotel Claridge Paris
couple room,Hotel Wagner
couple room,Ibis Styles Milano Palmanova
couple room,Millennium Copthorne Hotels at Chelsea Football Club
couple room,Mercure Amsterdam Sloterdijk Station
couple room,The London EDITION
couple room,Best Western Amiral Hotel
couple room,TheWesley
couple room,Amsterdam Marriott Hotel
couple room,Best Western Hotel Major
couple room,Villa Montparnasse
couple room,Hotel Le 10 BIS
couple room,Radisson Blu Edwardian Hampshire
couple room,Number Sixteen
couple room,Golden Tulip Amsterdam West
couple room,My Home In Paris
couple room,Mercure Hotel Amsterdam City South
couple room,Hotel DO Pla a Reial G L 
couple room,Camperio House Suites Apartments
couple room,Antares Hotel Accademia
couple room,Shepherd s Bush Boutique Hotel
couple room,H tel Monna Lisa Champs Elys es
couple room,K K Hotel Maria Theresia
couple room,Hilton Paris Opera
couple room,H tel Hor
couple room,Hotel Atmospheres
couple room,Best Western Hotel St George
couple room,Hotel 4 Barcelona
couple room,Hotel Odeon Saint Germain
couple room,Atahotel Contessa Jolanda
couple room,H tel Baume
couple room,Park Plaza Victoria London
couple room,Mercure Tour Eiffel Grenelle
couple room,Crowne Plaza London Kensington
couple room,Grange Beauchamp Hotel
couple room,Hotel Bagu s
couple room,The Colonnade
couple room,Hotel Rekord
couple room,Ca Bianca Hotel Corte Del Naviglio
couple room,London Bridge Hotel
couple room,Best Western Premier Faubourg 88
couple room,Newhotel Roblin
couple room,Best Western Le Jardin de Cluny
couple room,Austria Trend Hotel Ananas Wien
couple room,Hotel Manzoni
couple room,Auteuil Tour Eiffel
couple room,Hotel Ronda Lesseps
couple room,H tel California Champs Elys es
couple room,Hotel Montalembert
couple room,Inntel Hotels Amsterdam Centre
couple room,Golden Tulip Bercy Gare de Lyon 209
couple room,Rainers Hotel Vienna
couple room,Park Hotel
double bed,Novotel Suites Paris Montreuil Vincennes
double bed,Novotel Suites Paris Nord 18 me
double bed,Mercure Vaugirard Paris Porte De Versailles
double bed,Pullman Paris Centre Bercy
double bed,Novotel Paris Centre Tour Eiffel
double bed,Mercure Paris 19 Philharmonie La Villette
double bed,Novotel Paris Centre Bercy
double bed,Mercure Paris Montmartre Sacr Coeur
double bed,Mercure Paris Gare Montparnasse
double bed,Novotel Paris 14 Porte d Orl ans
double bed,Novotel London Paddington
double bed,Duret
double bed,Mercure Paris 17 me Saint Lazare Monceau
double bed,Novotel Paris Les Halles
double bed,Mercure Paris Bastille Marais
double bed,Holiday Inn Paris Saint Germain des Pr s
double bed,Club Hotel Cortina
double bed,Ibis Styles Paris Gare Saint Lazare
double bed,Novotel London Blackfriars
double bed,Mercure Paris Bercy Biblioth que
double bed,Novotel Amsterdam City
double bed,Room Mate Carla
double bed,Eurostars Bcn Design
double bed,H tel Bedford
double bed,Evenia Rossello
double bed,The Cleveland
double bed,Hotel Ciutadella Barcelona
double bed,Mercure Paris Terminus Nord
double bed,Novotel Paris 17
double bed,Novotel Milano Nord Ca Granda
double bed,Novotel London Tower Bridge
double bed,Hotel Stendhal Place Vend me Paris MGallery by Sofitel
double bed,DoubleTree By Hilton Milan
double bed,Hotel Mercure Wien Westbahnhof
double bed,NH Milano Touring
double bed,Novotel Barcelona City
double bed,NH Milano Grand Hotel Verdi
double bed,Hotel Mercure Milano Solari
double bed,Holiday Inn London Brent Cross
double bed,Boscolo Milano Autograph Collection
double bed,Novotel Suites Paris Expo Porte de Versailles
double bed,Novotel London Excel
double bed,Mercure Paris Centre Tour Eiffel
double bed,Sofitel Paris Baltimore Tour Eiffel
double bed,Mercure Paris Porte De Versailles Expo
double bed,Novotel Paris Gare De Lyon
double bed,Royal Ramblas
double bed,Hotel K nig von Ungarn
double bed,My Chelsea
double bed,The Tophams Hotel
double bed,Colombia
double bed,Hotel Whistler
double bed,Carlyle Brera Hotel
double bed,Holiday Inn Amsterdam
double bed,Amarante Champs Elys es
double bed,ME Milan Il Duca
double bed,Mercure Milano Regency
double bed,Olivia Plaza Hotel
double bed,Barcelona Princess
double bed,London Marriott Hotel Marble Arch
double bed,Hotel degli Arcimboldi
double bed,Hotel Odeon Saint Germain
double bed,Sansi Diputacio
double bed,Grange Beauchamp Hotel
double bed,The Colonnade
double bed,Ca Bianca Hotel Corte Del Naviglio
double bed,Qualys Hotel Nasco
double bed,Best Western Premier Faubourg 88
double bed,Best Western Le Jardin de Cluny
double bed,Austria Trend Hotel Ananas Wien
double bed,Hotel Montalembert
double bed,Catalonia Catedral
double bed,IH Hotels Milano Gioia
double bed,Inntel Hotels Amsterdam Centre
double bed,Golden Tulip Bercy Gare de Lyon 209
double bed,H tel Montmartre Mon Amour
double bed,Catalonia Born
double bed,Hotel Erzherzog Rainer
double bed,Ozo Hotel
double bed,Acta CITY47
double bed,Hotel Le petit Paris
double bed,IH Hotels Milano Lorenteggio
double bed,Hotel Marconi
double bed,Hotel Silver
double bed,Aloft London Excel
double bed,Sloane Square Hotel
double bed,Medinaceli
double bed,Mill sime H tel
double bed,Occidental Atenea Mar Adults Only
double bed,Grange Langham Court Hotel
double bed,Eurostars Embassy
double bed,Best Western Premier Hotel Dante
double bed,Ayre Hotel Caspe
double bed,H tel Duo
double bed,Hotel Daniel Vienna
double bed,Vilana Hotel
double bed,Hotel Royal
double bed,Royal Saint Michel
double bed,UNA Hotel Scandinavia
double bed,The Corner Hotel
leisure trip,Hotel K nig von Ungarn
leisure trip,My Chelsea
leisure trip,The Tophams Hotel
leisure trip,Colombia
leisure trip,Hotel Whistler
leisure trip,Carlyle Brera Hotel
leisure trip,Amarante Champs Elys es
leisure trip,ME Milan Il Duca
leisure trip,Mercure Milano Regency
leisure trip,Olivia Plaza Hotel
leisure trip,Barcelona Princess
leisure trip,Amsterdam Marriott Hotel
leisure trip,Hotel degli Arcimboldi
leisure trip,Number Sixteen
leisure trip,Hotel Odeon Saint Germain
leisure trip,Sansi Diputacio
leisure trip,Grange Beauchamp Hotel
leisure trip,The Colonnade
leisure trip,Hotel Op ra Richepanse
leisure trip,Ca Bianca Hotel Corte Del Naviglio
leisure trip,Qualys Hotel Nasco
leisure trip,Best Western Premier Faubourg 88
leisure trip,Newhotel Roblin
leisure trip,Best Western Le Jardin de Cluny
leisure trip,Austria Trend Hotel Ananas Wien
leisure trip,Hotel Ronda Lesseps
leisure trip,Hotel Montalembert
leisure trip,Catalonia Catedral
leisure trip,The Lanesborough
leisure trip,IH Hotels Milano Gioia
leisure trip,Inntel Hotels Amsterdam Centre
leisure trip,Golden Tulip Bercy Gare de Lyon 209
leisure trip,H tel Montmartre Mon Amour
leisure trip,Catalonia Born
leisure trip,Savoy Hotel Amsterdam
leisure trip,Ozo Hotel
leisure trip,Hotel Erzherzog Rainer
leisure trip,De Vere Devonport House
leisure trip,Acta CITY47
leisure trip,Hotel Le petit Paris
leisure trip,Knightsbridge Hotel
leisure trip,Hotel Marconi
leisure trip,Hotel Silver
leisure trip,Aloft London Excel
leisure trip,H tel Le Relais Saint Germain
leisure trip,Sloane Square Hotel
leisure trip,Medinaceli
leisure trip,Mill sime H tel
leisure trip,Occidental Atenea Mar Adults Only
leisure trip,Hotel Vueling Bcn by HC
leisure trip,Grange Langham Court Hotel
leisure trip,Eurostars Embassy
leisure trip,Best Western Premier Hotel Dante
leisure trip,Ayre Hotel Caspe
leisure trip,H tel Duo
leisure trip,Hotel Daniel Vienna
leisure trip,Hotel Royal
leisure trip,Royal Saint Michel
leisure trip,UNA Hotel Scandinavia
leisure trip,The Corner Hotel
leisure trip,Mercure Paris Opera Grands Boulevards
leisure trip,Imperial Riding School Renaissance Vienna Hotel
leisure trip,NH Hesperia Barcelona del Mar
leisure trip,Hotel du Petit Moulin
leisure trip,The Rookery
leisure trip,Petit Palais Hotel De Charme
leisure trip,Hotel Indigo Barcelona Plaza Catalunya
leisure trip,Grange City Hotel
leisure trip,Hotel Casa Bonay
leisure trip,Westside Arc de Triomphe Hotel
leisure trip,K K Hotel George
leisure trip,Hotel De Hallen
leisure trip,Hotel Parco di Sch nbrunn Vienna
leisure trip,Hotel Lam e
leisure trip,Mercure Paris Pigalle Sacre Coeur
leisure trip,TH Street Duomo
leisure trip,London City Suites
leisure trip,Austria Trend Hotel Park Royal Palace Vienna
leisure trip,NH Collection Barcelona Constanza
leisure trip,Hotel Landhaus Fuhrgassl Huber
leisure trip,Le Tsuba Hotel
leisure trip,Saint Georges Hotel
leisure trip,The Beaufort
leisure trip,Napoleon Paris
leisure trip,Grange Clarendon Hotel
leisure trip,Hotel D Este
leisure trip,Mercure Paris Opera Garnier
leisure trip,The Royal Park Hotel
leisure trip,Mercure Vienna First
leisure trip,Crowne Plaza London Ealing
leisure trip,Amba Hotel Charing Cross
leisure trip,Starhotels Business Palace
leisure trip,Hotel Wandl
leisure trip,TRYP Paris Op ra
leisure trip,Hotel Lloyd
leisure trip,IH Hotels Milano Puccini
leisure trip,St Martins Lane A Morgans Original
leisure trip,L Empire Paris
leisure trip,Melia Vienna
leisure trip,Victoire Germain
business trip,Villa Alessandra
business trip,Suite Hotel 900 m zur Oper
business trip,The May Fair Hotel
business trip,Relais Christine
business trip,Hotel Raffaello
business trip,citizenM Tower of London
business trip,Shaftesbury Suites London Marble Arch
business trip,Buddha Bar Hotel Paris
business trip,Best Western Plus de Neuville Arc de Triomphe
business trip,H tel Powers
business trip,Hotel Okura Amsterdam
business trip,Hotel Santa Marta Suites
business trip,Hotel Le Squara
business trip,Best Western Amiral Hotel
business trip,H tel du Minist re
business trip,TownHouse 33
business trip,H tel Ad le Jules
business trip,NH Amsterdam Zuid
business trip,Jaz Amsterdam
business trip,The Westin Paris Vend me
business trip,Best Western Delphi Hotel
business trip,Holiday Inn London West
business trip,Hotel Dei Cavalieri
business trip,K K Hotel Picasso
business trip,Catalonia Plaza Catalunya
business trip,H tel des Ducs D Anjou
business trip,Melia Paris Champs Elys es
business trip,H tel Arvor Saint Georges
business trip,Mercure Paris Porte d Orleans
business trip,Trinit Haussmann
business trip,H tel Barri re Le Fouquet s
business trip,Hotel Kavalier
business trip,La Villa Maillot
business trip,Starhotels Tourist
business trip,Radisson Blu Edwardian Berkshire
business trip,Hallmark Hotel London Chigwell Prince Regent
business trip,The Hub Hotel
business trip,Hotel Carrobbio
business trip,Mercure Paris Montparnasse Raspail
business trip,L Hotel Pergol se Paris
business trip,Relais Du Louvre
business trip,NH Danube City
business trip,Arthotel ANA Prime
business trip,Kensington House Hotel
business trip,Four Points Sheraton Milan Center
business trip,Hotel Mademoiselle
business trip,Gartenhotel Altmannsdorf Hotel 1
business trip,Small Luxury Hotel Altstadt Vienna
business trip,Majestic Hotel Spa
business trip,Mercure Paris Bastille Saint Antoine
business trip,Vincci Mae
business trip,AC Hotel Diagonal L Illa a Marriott Lifestyle Hotel
business trip,Mercure Paris Place d Italie
business trip,Hotel Das Tigra
business trip,Grange Blooms Hotel
business trip,Hotel Vittoria
business trip,Hotel Chavanel
business trip,Mercer Hotel Barcelona
business trip,Hotel Arkadenhof
business trip,Paris Marriott Rive Gauche Hotel
business trip,Hotel Abbot
business trip,Pol Grace Hotel
business trip,The Marylebone Hotel
business trip,H tel Lancaster Paris Champs Elys es
business trip,Alexandra Barcelona A DoubleTree by Hilton
business trip,Hotel Galileo
business trip,The Grosvenor
business trip,Grange Rochester Hotel
business trip,Le Relais Madeleine
business trip,Ham Yard Hotel
business trip,BEST WESTERN PLUS Amedia Wien
business trip,Hotel La Spezia Gruppo MiniHotel
business trip,Mercure Paris 17 me Saint Lazare Monceau
business trip,Melia Paris Vendome
business trip,Etoile Saint Ferdinand
business trip,ARCOTEL Kaiserwasser Superior
business trip,Le 123 S bastopol Astotel
business trip,Thistle Hyde Park
business trip,Hotel Well and Come
business trip,Radisson Blu Edwardian Grafton
business trip,ADI Doria Grand Hotel
business trip,Park Grand London Kensington
business trip,Grange Wellington Hotel
business trip,Holiday Inn Vienna City
business trip,Corendon Vitality Hotel Amsterdam
business trip,Radisson Blu Edwardian Vanderbilt
business trip,Radisson Blu Champs Elys es Paris
business trip,Park Plaza London Park Royal
business trip,Hotel Grums Barcelona
business trip,The Levin Hotel
business trip,Arthotel ANA Boutique Six
business trip,Urban Lodge Hotel
business trip,Bassano
business trip,City Hotel Deutschmeister
business trip,Hotel Lombardia
business trip,The Marble Arch London
business trip,Draycott Hotel
business trip,Four Seasons Hotel Milano
business trip,Luxury Suites Amsterdam
business trip,Appartement Hotel an der Riemergasse
deluxe,Amsterdam Marriott Hotel
deluxe,Hotel Odeon Saint Germain
deluxe,The Lanesborough
deluxe,Hotel du Petit Moulin
deluxe,Petit Palais Hotel De Charme
deluxe,Hotel De Hallen
deluxe,Austria Trend Hotel Park Royal Palace Vienna
deluxe,Amba Hotel Charing Cross
deluxe,St Martins Lane A Morgans Original
deluxe,H tel Thoumieux
deluxe,Park Grand London Hyde Park
deluxe,Sydney House Chelsea
deluxe,Au Manoir Saint Germain
deluxe,Hotel Imperial A Luxury Collection Hotel
deluxe,The Mirror Barcelona
deluxe,Ace Hotel London Shoreditch
deluxe,Conservatorium Hotel
deluxe,Molitor Paris MGallery by Sofitel
deluxe,Austria Trend Hotel Savoyen Vienna
deluxe,The Royal Horseguards
deluxe,Paris Marriott Opera Ambassador Hotel
deluxe,Hotel SB Diagonal Zero Barcelona 4 Sup
deluxe,Hotel Claridge Paris
deluxe,DoubleTree by Hilton London Victoria
deluxe,The Pelham Starhotels Collezione
deluxe,Das Triest Hotel
deluxe,H10 Casa Mimosa 4 Sup
deluxe,Hotel Le 10 BIS
deluxe,Radisson Blu Edwardian Hampshire
deluxe,Fletcher Hotel Amsterdam
deluxe,Shaftesbury Suites London Marble Arch
deluxe,Hilton Paris Opera
deluxe,Alma Barcelona GL
deluxe,Park Grand London Lancaster Gate
deluxe,M by Montcalm Shoreditch London Tech City
deluxe,Canary Riverside Plaza Hotel
deluxe,Renaissance Barcelona Hotel
deluxe,Hotel Saint Dominique
deluxe,The Savoy
deluxe,Austria Trend Parkhotel Sch nbrunn Wien
deluxe,Clayton Hotel Chiswick
deluxe,Hotel Miramar Barcelona GL
deluxe,Mandarin Oriental Paris
deluxe,Shaftesbury Premier London Paddington
deluxe,H tel San R gis
deluxe,United Lodge Hotel and Apartments
deluxe,Hotel Le Squara
deluxe,The Trafalgar Hilton
deluxe,The Park City Grand Plaza Kensington Hotel
deluxe,Bilderberg Garden Hotel
deluxe,Henley House Hotel
deluxe,every hotel Piccadilly
deluxe,H tel Regina
deluxe,Mandarin Oriental Milan
deluxe,Radisson Blu Hotel Milan
deluxe,H tel de Varenne
deluxe,Bentley London
deluxe,The Arch London
deluxe,Shaftesbury Hyde Park International
deluxe,Conrad London St James
deluxe,Hotel Spa La Belle Juliette
deluxe,The Westin Paris Vend me
deluxe,Boutique Hotel Notting Hill
deluxe,H tel D Aubusson
deluxe,Hotel Spadari Al Duomo
deluxe,Shaftesbury Metropolis London Hyde Park
deluxe,The Square Milano Duomo
deluxe,The Hoxton Holborn
deluxe,The Premier Notting Hill
deluxe,Grand Hotel Amr th Amsterdam
deluxe,The Wittmore Adults Only
deluxe,London Marriott Hotel Grosvenor Square
deluxe,Radisson Blu Edwardian Kenilworth
deluxe,Palais Hansen Kempinski Vienna
deluxe,Apex City Of London Hotel
deluxe,La Villa Maillot
deluxe,DoubleTree by Hilton London Ealing
deluxe,Radisson Blu Edwardian Berkshire
deluxe,South Place Hotel
deluxe,Banks Mansion All Inclusive Hotel
deluxe,Hotel Principe Di Savoia
deluxe,The Nadler Victoria
deluxe,Hotel Sezz Paris
deluxe,Amadi Park Hotel
deluxe,Barcel Sants
deluxe,Elys es R gencia
deluxe,Sofitel London St James
deluxe,H tel de Lille
deluxe,Paddington Court Executive Rooms
deluxe,Royal Amsterdam Hotel
deluxe,Villa d Estr es
deluxe,Armani Hotel Milano
deluxe,Majestic Hotel Spa
deluxe,The Hoxton Shoreditch
deluxe,Hotel Esther a
deluxe,Royal Saint Honore
deluxe,1K Hotel
deluxe,Bulgari Hotel London
deluxe,Adria Boutique Hotel
deluxe,Montcalm Royal London House City of London
spa,Sall s Hotel Pere IV
spa,The Colonnade
spa,Catalonia Catedral
spa,Golden Tulip Bercy Gare de Lyon 209
spa,Savoy Hotel Amsterdam
spa,Hotel Erzherzog Rainer
spa,Ozo Hotel
spa,De Vere Devonport House
spa,Aloft London Excel
spa,Medinaceli
spa,Mill sime H tel
spa,Occidental Atenea Mar Adults Only
spa,Grange Langham Court Hotel
spa,UNA Hotel Scandinavia
spa,Imperial Riding School Renaissance Vienna Hotel
spa,Westside Arc de Triomphe Hotel
spa,Hotel De Hallen
spa,London City Suites
spa,Austria Trend Hotel Park Royal Palace Vienna
spa,Hotel Landhaus Fuhrgassl Huber
spa,The Royal Park Hotel
spa,Maison Souquet
spa,H tel Le Royal Monceau Raffles Paris
spa,Crowne Plaza London Ealing
spa,Hotel Wandl
spa,St Martins Lane A Morgans Original
spa,L Empire Paris
spa,Victoire Germain
spa,H tel Thoumieux
spa,Little Palace Hotel
spa,Room Mate Anna
spa,Hotel The Peninsula Paris
spa,H tel Square Louvois
spa,Nu Hotel
spa,The Academy
spa,Bloomsbury Palace Hotel
spa,The May Fair Hotel
spa,Thistle Euston
spa,The Mirror Barcelona
spa,Les Matins de Paris Spa
spa,Hotel Liberty
spa,Le Saint Hotel Paris
spa,Hotel Mercure Wien City
spa,Copthorne Tara Hotel London Kensington
spa,Melia Paris Tour Eiffel
spa,Mercure Wien Zentrum
spa,NH Wien City
spa,Malmaison London
spa,The Kings Head Hotel
spa,Hotel Margot House
spa,Hotel Advance
spa,Novotel London Greenwich
spa,The Sumner Hotel
spa,Le Tourville Eiffel
spa,Mercure Barcelona Condor
spa,Vincci Maritimo
spa,Le Pavillon des Lettres
spa,Best Western Premier Le Swann
spa,K West Hotel Spa
spa,UNA Maison Milano
spa,Durrants Hotel
spa,DoubleTree by Hilton London Victoria
spa,Hotel Wagner
spa,Negresco Princess 4 Sup
spa,Albus Hotel Amsterdam City Centre
spa,Hotel Daniel Paris
spa,Ibis Styles Milano Palmanova
spa,The Pelham Starhotels Collezione
spa,Millennium Copthorne Hotels at Chelsea Football Club
spa,Austria Trend Hotel Europa Wien
spa,Hotel Da Vinci
spa,Best Western Amiral Hotel
spa,Catalonia Atenas
spa,Hotel Rathaus Wein Design
spa,Best Western Hotel Major
spa,Hotel ViennArt am Museumsquartier
spa,Hotel Le 10 BIS
spa,Mokinba Hotels Baviera
spa,Golden Tulip Amsterdam West
spa,Austria Trend Hotel Anatol Wien
spa,Derby Alma
spa,Camperio House Suites Apartments
spa,Hotel Pierre Milano
spa,Park Plaza Sherlock Holmes London
spa,Das Opernring Hotel
spa,H tel Vernet
spa,Alma Barcelona GL
spa,H tel Hor
spa,Ashburn Hotel
spa,Le Grand H tel de Normandie
spa,Holiday Inn London Oxford Circus
spa,Gran Hotel Torre Catalunya
spa,The Victoria
spa,NH Amsterdam Museum Quarter
spa,Great Northern Hotel A Tribute Portfolio Hotel London
spa,H tel Le Walt
spa,Sheraton Grand London Park Lane
spa,Intercontinental London The O2
spa,Hotel Palais Strudlhof
spa,NH Sants Barcelona
gym,The Tophams Hotel
gym,Mercure Milano Regency
gym,Olivia Plaza Hotel
gym,Hotel degli Arcimboldi
gym,Hotel Odeon Saint Germain
gym,Grange Beauchamp Hotel
gym,The Colonnade
gym,Hotel Op ra Richepanse
gym,Ca Bianca Hotel Corte Del Naviglio
gym,Qualys Hotel Nasco
gym,Hotel Ronda Lesseps
gym,Hotel Montalembert
gym,Golden Tulip Bercy Gare de Lyon 209
gym,Savoy Hotel Amsterdam
gym,Ozo Hotel
gym,Hotel Erzherzog Rainer
gym,De Vere Devonport House
gym,Hotel Le petit Paris
gym,Hotel Silver
gym,Medinaceli
gym,Best Western Premier Hotel Dante
gym,Ayre Hotel Caspe
gym,Hotel Daniel Vienna
gym,Vilana Hotel
gym,Hotel du Petit Moulin
gym,Petit Palais Hotel De Charme
gym,Hotel Lam e
gym,Mercure Paris Pigalle Sacre Coeur
gym,Hotel Front Maritim
gym,NH Collection Barcelona Constanza
gym,Hotel D Este
gym,Mercure Vienna First
gym,Crowne Plaza London Ealing
gym,Hotel Wandl
gym,IH Hotels Milano Puccini
gym,Victoire Germain
gym,The Henrietta Hotel
gym,La Chambre du Marais
gym,Little Palace Hotel
gym,H tel Square Louvois
gym,Great St Helen Hotel
gym,Hotel Gallitzinberg
gym,Hotel Romana Residence
gym,The May Fair Hotel
gym,Pullman London St Pancras
gym,The Mirror Barcelona
gym,Gardette Park Hotel
gym,UNA Hotel Mediterraneo
gym,Ace Hotel London Shoreditch
gym,Melia Paris Tour Eiffel
gym,Hotel Tocq
gym,Mercure Wien Zentrum
gym,Acta Atrium Palace
gym,Le Relais M dicis
gym,Hotel Spa Villa Olimpica Suites
gym,Mercure Hotel Amsterdam West
gym,Mercure Hotel Raphael Wien
gym,Tryp Barcelona Condal Mar Hotel
gym,Holiday Inn Paris Elys es
gym,Hotel Margot House
gym,Hotel Advance
gym,La Villa des Ternes
gym,Austria Trend Hotel Savoyen Vienna
gym,The Sumner Hotel
gym,Hotel Balmoral
gym,Hotel Des Saints Peres Esprit de France
gym,Le Pavillon des Lettres
gym,The Curtain
gym,Catalonia Port
gym,UNA Maison Milano
gym,Durrants Hotel
gym,Hotel des Tuileries Relais du Silence
gym,A La Villa Madame
gym,Hotel Wagner
gym,STRAF a Member of Design Hotels 
gym,Hotel Daniel Paris
gym,citizenM London Bankside
gym,TheWesley
gym,Abba Garden
gym,Catalonia Atenas
gym,Haymarket Hotel
gym,Hotel Parc Saint Severin Esprit de France
gym,Hotel Rathaus Wein Design
gym,Best Western Hotel Major
gym,Hotel ViennArt am Museumsquartier
gym,Montagu Place Hotel
gym,Le Marcel
gym,Grupotel Gran Via 678
gym,Novotel London Canary Wharf
gym,NYX Milan
gym,H tel Elysees Mermoz
gym,Fletcher Hotel Amsterdam
gym,Mercure Hotel Amsterdam City South
gym,Hotel Raffaello
gym,Hotel DO Pla a Reial G L 
gym,Shepherd s Bush Boutique Hotel
gym,Park Plaza Sherlock Holmes London
gym,Hilton Paris Opera
gym,Atlantis Hotel Vienna
gym,Das Opernring Hotel
fine dining,Hotel Whistler
fine dining,Carlyle Brera Hotel
fine dining,Newhotel Roblin
fine dining,Hotel Ronda Lesseps
fine dining,Hotel Montalembert
fine dining,Inntel Hotels Amsterdam Centre
fine dining,H tel Montmartre Mon Amour
fine dining,Catalonia Born
fine dining,Acta CITY47
fine dining,Hotel Marconi
fine dining,Aloft London Excel
fine dining,H tel Le Relais Saint Germain
fine dining,Sloane Square Hotel
fine dining,H tel Duo
fine dining,Royal Saint Michel
fine dining,The Corner Hotel
fine dining,Suite Hotel 900 m zur Oper
fine dining,NH Hesperia Barcelona del Mar
fine dining,Grange City Hotel
fine dining,Hotel Casa Bonay
fine dining,Hotel Front Maritim
fine dining,Hotel Landhaus Fuhrgassl Huber
fine dining,Le Tsuba Hotel
fine dining,Saint Georges Hotel
fine dining,The Beaufort
fine dining,Mercure Paris Opera Garnier
fine dining,Amba Hotel Charing Cross
fine dining,Starhotels Business Palace
fine dining,Hotel Lloyd
fine dining,La Chambre du Marais
fine dining,Room Mate Anna
fine dining,Forest Hill Paris la Villette
fine dining,Sydney House Chelsea
fine dining,Great St Helen Hotel
fine dining,Hotel Gallitzinberg
fine dining,Melia White House Hotel
fine dining,Hotel Nestroy Wien
fine dining,Batty Langley s
fine dining,Best Western Premier Op ra Li ge
fine dining,Hotel Verneuil Saint Germain
fine dining,W12 Rooms
fine dining,Hotel Elys es Bassano
fine dining,Aparthotel Arai 4 Superior
fine dining,Banke H tel
fine dining,Le Mathurin Hotel Spa
fine dining,UNA Hotel Mediterraneo
fine dining,H10 Metropolitan 4 Sup
fine dining,Ace Hotel London Shoreditch
fine dining,Le Relais M dicis
fine dining,Hotel Sacher Wien
fine dining,Hotel Le Mareuil
fine dining,Mercure Hotel Raphael Wien
fine dining,Golden Tulip Amsterdam Riverside
fine dining,Hotel Ambassador
fine dining,The Kings Head Hotel
fine dining,Ayre Hotel Gran V a
fine dining,Attica 21 Barcelona Mar
fine dining,Molitor Paris MGallery by Sofitel
fine dining,La Villa des Ternes
fine dining,Garden Elys e
fine dining,Le Tourville Eiffel
fine dining,Vincci Maritimo
fine dining,Best Western Ducs de Bourgogne
fine dining,Best Western Premier Le Swann
fine dining,La Maison Champs Elys es
fine dining,Durrants Hotel
fine dining,NH Milano Palazzo Moscova
fine dining,STRAF a Member of Design Hotels 
fine dining,Ibis Styles Milano Palmanova
fine dining,The Pelham Starhotels Collezione
fine dining,Hotel du Vin Cannizaro House Wimbledon
fine dining,Boutiquehotel Das Tyrol
fine dining,The London EDITION
fine dining,Mercure Paris Tour Eiffel Pont Mirabeau
fine dining,Best Western S vres Montparnasse
fine dining,Hotel Parc Saint Severin Esprit de France
fine dining,H10 Casa Mimosa 4 Sup
fine dining,The LaLit London
fine dining,NYX Milan
fine dining,Mokinba Hotels Baviera
fine dining,H tel Elysees Mermoz
fine dining,Fletcher Hotel Amsterdam
fine dining,My Home In Paris
fine dining,DoubleTree by Hilton London Islington
fine dining,Hilton Paris Opera
fine dining,The Portobello Hotel
fine dining,H tel Vernet
fine dining,Fielding Hotel
fine dining,Alma Barcelona GL
fine dining,Le Relais Montmartre
fine dining,Best Western Plus Hotel Galles
fine dining,Hotel 4 Barcelona
fine dining,Le Narcisse Blanc Spa
fine dining,Mercure Paris 15 Porte de Versailles
fine dining,Mercure Tour Eiffel Grenelle
fine dining,Hotel Les Bulles De Paris
fine dining,Hilton Garden Inn Vienna South
fine dining,Best Western Premier Louvre Saint Honor 
fine dining,Ambassadors Bloomsbury
fine dining,H tel Crayon Rouge by Elegancia
bathtub,My Chelsea
bathtub,Colombia
bathtub,ME Milan Il Duca
bathtub,Mercure Milano Regency
bathtub,Number Sixteen
bathtub,Sansi Diputacio
bathtub,Hotel Op ra Richepanse
bathtub,Best Western Le Jardin de Cluny
bathtub,The Lanesborough
bathtub,IH Hotels Milano Gioia
bathtub,Hotel Marconi
bathtub,Hotel Silver
bathtub,H tel Le Relais Saint Germain
bathtub,Eurostars Embassy
bathtub,Ayre Hotel Caspe
bathtub,H tel Duo
bathtub,Hotel Daniel Vienna
bathtub,Vilana Hotel
bathtub,UNA Hotel Scandinavia
bathtub,The Corner Hotel
bathtub,The Rookery
bathtub,Petit Palais Hotel De Charme
bathtub,K K Hotel George
bathtub,Mercure Paris Pigalle Sacre Coeur
bathtub,Hotel Lam e
bathtub,TH Street Duomo
bathtub,London City Suites
bathtub,Hotel Front Maritim
bathtub,Saint Georges Hotel
bathtub,Napoleon Paris
bathtub,Grange Clarendon Hotel
bathtub,Hotel Lloyd
bathtub,IH Hotels Milano Puccini
bathtub,Melia Vienna
bathtub,Grand H tel Du Palais Royal
bathtub,Catalonia La Pedrera
bathtub,Le Lavoisier
bathtub,Little Palace Hotel
bathtub,Room Mate Anna
bathtub,H tel Square Louvois
bathtub,Nu Hotel
bathtub,The Academy
bathtub,H tel Les Dames du Panth on
bathtub,Radisson Blu Style Hotel Vienna
bathtub,Hotel Imperial A Luxury Collection Hotel
bathtub,Le Mathurin Hotel Spa
bathtub,Relais Christine
bathtub,Hotel Park Lane Paris
bathtub,Hotel Liberty
bathtub,Gran Hotel Barcino
bathtub,Acta Atrium Palace
bathtub,Hotel Spa Villa Olimpica Suites
bathtub,Pertschy Palais Hotel
bathtub,Britannia International Hotel Canary Wharf
bathtub,Novotel London City South
bathtub,Mercure Hotel Raphael Wien
bathtub,Hotel Margot House
bathtub,Le Grey Hotel
bathtub,Hotel Advance
bathtub,Austria Trend Hotel Savoyen Vienna
bathtub,The Cranley Hotel
bathtub,Hotel Royal Elys es
bathtub,Mercure Barcelona Condor
bathtub,Sanderson A Morgans Hotel
bathtub,Hotel Balmoral
bathtub,A La Villa Madame
bathtub,Albus Hotel Amsterdam City Centre
bathtub,Hotel Daniel Paris
bathtub,Ibis Styles Milano Palmanova
bathtub,Hotel du Vin Cannizaro House Wimbledon
bathtub,citizenM London Bankside
bathtub,Windermere Hotel
bathtub,Hotel Da Vinci
bathtub,Hotel Indigo London Tower Hill
bathtub,Abba Garden
bathtub,Catalonia Atenas
bathtub,Hotel Parc Saint Severin Esprit de France
bathtub,Mercure Paris Champs Elys es
bathtub,Best Western Premier Kapital Op ra
bathtub,H10 Casa Mimosa 4 Sup
bathtub,Montagu Place Hotel
bathtub,Le Marcel
bathtub,Novotel London Canary Wharf
bathtub,Mokinba Hotels Baviera
bathtub,H tel Elysees Mermoz
bathtub,Fletcher Hotel Amsterdam
bathtub,My Home In Paris
bathtub,Derby Alma
bathtub,Hotel Raffaello
bathtub,Hotel DO Pla a Reial G L 
bathtub,DoubleTree by Hilton London Islington
bathtub,Shaftesbury Suites London Marble Arch
bathtub,H tel Monna Lisa Champs Elys es
bathtub,H tel Le M
bathtub,Buddha Bar Hotel Paris
bathtub,Hotel Atmospheres
bathtub,Best Western Hotel St George
bathtub,Hotel 4 Barcelona
bathtub,Holiday Inn London Oxford Circus
bathtub,Gran Hotel Torre Catalunya
champagne,11 Cadogan Gardens
champagne,Hotel Liberty
champagne,Ibis Styles Paris Gare Saint Lazare
champagne,Villa Eugenie
champagne,ADI Doria Grand Hotel
champagne,ADI Hotel Poliziano Fiera
champagne,ARCOTEL Kaiserwasser Superior
champagne,ARCOTEL Wimberger
champagne,AZIMUT Hotel Vienna
champagne,Abba Garden
champagne,Abba Sants
champagne,Acad mie H tel Saint Germain
champagne,Acca Palace
champagne,Ace Hotel London Shoreditch
champagne,Acevi Villarroel
champagne,Acta Atrium Palace
champagne,Acta CITY47
champagne,Admiral Hotel
champagne,Adria Boutique Hotel
champagne,Ako Suites Hotel
champagne,Vincci Gala
champagne,Vincci Mae
champagne,Vincci Maritimo
champagne,W Amsterdam
champagne,W Barcelona
champagne,W London Leicester Square
champagne,W Paris Op ra
champagne,W12 Rooms
champagne,Waldorf Astoria Amsterdam
champagne,Waldorf Madeleine
champagne,Warwick Paris Former Warwick Champs Elysees 
champagne,Washington Mayfair Hotel
champagne,WestCord Art Hotel Amsterdam 4 stars
champagne,WestCord Fashion Hotel Amsterdam
champagne,Westside Arc de Triomphe Hotel
champagne,Wilson Boutique Hotel
champagne,Urban Lodge Hotel
champagne,Vice Versa
champagne,Victoire Germain
champagne,Victoires Opera
champagne,Victoria Palace Hotel
champagne,Vienna Marriott Hotel
champagne,Vienna Sporthotel
champagne,Vilana Hotel
champagne,Villa Alessandra
champagne,Villa Beaumarchais
champagne,Villa Lut ce Port Royal
champagne,Villa Montparnasse
champagne,Villa Opera Drouot
champagne,Villa Panth on
champagne,Villa d Estr es
champagne,Vincci Bit
champagne,TownHouse 33
champagne,TownHouse Duomo
champagne,TownHouse Galleria
champagne,Trinit Haussmann
champagne,Tryp Barcelona Apolo Hotel
champagne,Tryp Barcelona Condal Mar Hotel
champagne,Twenty Nevern Square Hotel
champagne,U232 Hotel
champagne,UNA Hotel Century
champagne,UNA Hotel Cusani
champagne,UNA Hotel Mediterraneo
champagne,UNA Hotel Scandinavia
champagne,UNA Maison Milano
champagne,United Lodge Hotel and Apartments
champagne,Upper Diagonal
champagne,Uptown Palace
champagne,The Whitechapel
champagne,The Wittmore Adults Only
champagne,The Yard Milano
champagne,The Zetter Hotel
champagne,The Zetter Townhouse Clerkenwell
champagne,The Zetter Townhouse Marylebone
champagne,TheWesley
champagne,Thistle Euston
champagne,Thistle Holborn The Kingsley
champagne,Thistle Hyde Park
champagne,Thistle Kensington Gardens
champagne,Thistle Trafalgar Square The Royal Trafalgar
champagne,Threadneedles Autograph Collection
champagne,Timhotel Op ra Blanche Fontaine
champagne,Timhotel Op ra Grands Magasins
champagne,TownHouse 12
champagne,The Square Milano Duomo
champagne,The Stafford London
champagne,The Student Hotel Amsterdam City
champagne,The Sumner Hotel
champagne,The Tophams Hotel
champagne,The Toren
champagne,The Tower A Guoman Hotel
champagne,The Trafalgar Hilton
champagne,The Victoria
champagne,The Waldorf Hilton
champagne,The Wellesley Knightsbridge a Luxury Collection Hotel London
champagne,The Westbourne Hyde Park
champagne,The Westbridge Hotel
champagne,The Westbury A Luxury Collection Hotel Mayfair London
champagne,The Westin Palace
champagne,The Westin Paris Vend me
shopping,11 Cadogan Gardens
shopping,Hotel Liberty
shopping,Ibis Styles Paris Gare Saint Lazare
shopping,Villa Eugenie
shopping,ADI Doria Grand Hotel
shopping,ADI Hotel Poliziano Fiera
shopping,ARCOTEL Kaiserwasser Superior
shopping,ARCOTEL Wimberger
shopping,AZIMUT Hotel Vienna
shopping,Abba Garden
shopping,Abba Sants
shopping,Acad mie H tel Saint Germain
shopping,Acca Palace
shopping,Ace Hotel London Shoreditch
shopping,Acevi Villarroel
shopping,Acta Atrium Palace
shopping,Acta CITY47
shopping,Admiral Hotel
shopping,Adria Boutique Hotel
shopping,Ako Suites Hotel
shopping,Vincci Gala
shopping,Vincci Mae
shopping,Vincci Maritimo
shopping,W Amsterdam
shopping,W Barcelona
shopping,W London Leicester Square
shopping,W Paris Op ra
shopping,W12 Rooms
shopping,Waldorf Astoria Amsterdam
shopping,Waldorf Madeleine
shopping,Warwick Paris Former Warwick Champs Elysees 
shopping,Washington Mayfair Hotel
shopping,WestCord Art Hotel Amsterdam 4 stars
shopping,WestCord Fashion Hotel Amsterdam
shopping,Westside Arc de Triomphe Hotel
shopping,Wilson Boutique Hotel
shopping,Urban Lodge Hotel
shopping,Vice Versa
shopping,Victoire Germain
shopping,Victoires Opera
shopping,Victoria Palace Hotel
shopping,Vienna Marriott Hotel
shopping,Vienna Sporthotel
shopping,Vilana Hotel
shopping,Villa Alessandra
shopping,Villa Beaumarchais
shopping,Villa Lut ce Port Royal
shopping,Villa Montparnasse
shopping,Villa Opera Drouot
shopping,Villa Panth on
shopping,Villa d Estr es
shopping,Vincci Bit
shopping,TownHouse 33
shopping,TownHouse Duomo
shopping,TownHouse Galleria
shopping,Trinit Haussmann
shopping,Tryp Barcelona Apolo Hotel
shopping,Tryp Barcelona Condal Mar Hotel
shopping,Twenty Nevern Square Hotel
shopping,U232 Hotel
shopping,UNA Hotel Century
shopping,UNA Hotel Cusani
shopping,UNA Hotel Mediterraneo
shopping,UNA Hotel Scandinavia
shopping,UNA Maison Milano
shopping,United Lodge Hotel and Apartments
shopping,Upper Diagonal
shopping,Uptown Palace
shopping,The Whitechapel
shopping,The Wittmore Adults Only
shopping,The Yard Milano
shopping,The Zetter Hotel
shopping,The Zetter Townhouse Clerkenwell
shopping,The Zetter Townhouse Marylebone
shopping,TheWesley
shopping,Thistle Euston
shopping,Thistle Holborn The Kingsley
shopping,Thistle Hyde Park
shopping,Thistle Kensington Gardens
shopping,Thistle Trafalgar Square The Royal Trafalgar
shopping,Threadneedles Autograph Collection
shopping,Timhotel Op ra Blanche Fontaine
shopping,Timhotel Op ra Grands Magasins
shopping,TownHouse 12
shopping,The Square Milano Duomo
shopping,The Stafford London
shopping,The Student Hotel Amsterdam City
shopping,The Sumner Hotel
shopping,The Tophams Hotel
shopping,The Toren
shopping,The Tower A Guoman Hotel
shopping,The Trafalgar Hilton
shopping,The Victoria
shopping,The Waldorf Hilton
shopping,The Wellesley Knightsbridge a Luxury Collection Hotel London
shopping,The Westbourne Hyde Park
shopping,The Westbridge Hotel
shopping,The Westbury A Luxury Collection Hotel Mayfair London
shopping,The Westin Palace
shopping,The Westin Paris Vend me
master suite,The Laslett
master suite,Morgan Mees
master suite,Best Western Plus 61 Paris Nation Hotel
master suite,H tel Ad le Jules
master suite,L Edmond H tel
master suite,Staybridge Suites London Stratford
master suite,Lyric H tel Paris
master suite,Le A
master suite,AC Hotel Victoria Suites a Marriott Lifestyle Hotel
master suite,Villa d Estr es
master suite,Hotel De Vigny
master suite,MARQUIS Faubourg St Honor Relais Ch teaux
master suite,Victoria Palace Hotel
master suite,Hotel Magna Pars Small Luxury Hotels of the World
master suite,Best Western Premier Kaiserhof Wien
master suite,The Yard Milano
master suite,Falkensteiner Hotel Wien Zentrum Schottenfeld
master suite,H tel Mansart Esprit de France
master suite,Le Pavillon de la Reine Spa
master suite,Amarante Beau Manoir
master suite,Les Jardins Du Marais
master suite,UNA Hotel Century
master suite,Palais Coburg Residenz
master suite,TownHouse 12
master suite,H tel Mathis Elys es
master suite,Flemings Mayfair
master suite,H tel L Echiquier Op ra Paris MGallery by Sofitel
master suite,Oceania Paris Porte De Versailles
master suite,Ten Manchester Street Hotel
master suite,Sina The Gray
master suite,InterContinental Amstel Amsterdam
master suite,Hotel Seven One Seven
master suite,Schlosshotel R mischer Kaiser
master suite,Luxury Suites Amsterdam
master suite,Suites H tel Helzear Montparnasse
master suite,Le M ridien Barcelona
master suite,The Westbourne Hyde Park
master suite,H tel De Buci by MH
master suite,Hotel Maison FL
master suite,Monument Hotel
master suite,Lindner Hotel Am Belvedere
master suite,Ohla Barcelona
master suite,Hotel Les Rives de Notre Dame
master suite,The Leonard Hotel
master suite,Residence Du Roy
master suite,Comfort Inn Suites Kings Cross St Pancras
master suite,The Cleveland
master suite,H tel Raphael
master suite,Hotel Oscar
master suite,Staybridge Suites London Vauxhall
master suite,San Domenico House
master suite,Milan Suite Hotel
master suite,H10 Cubik 4 Sup
master suite,Goralska R sidences H tel Paris Bastille
master suite,Club Quarters Hotel Trafalgar Square
master suite,Suites H tel Helzear Champs Elys es
master suite,The Zetter Townhouse Clerkenwell
master suite,The Chelsea Harbour Hotel
master suite,Hotel Le Placide Saint Germain Des Pr s
master suite,Le Cinq Codet
master suite,Splendide Royal Paris
master suite,Baglioni Hotel London The Leading Hotels of the World
master suite,Grosvenor House Suites by Jumeirah Living
master suite,TownHouse Duomo
master suite,Pakat Suites Hotel
master suite,The Wellesley Knightsbridge a Luxury Collection Hotel London
master suite,Renaissance Paris Vendome Hotel
master suite,Novotel Suites Paris Montreuil Vincennes
master suite,Taj 51 Buckingham Gate Suites and Residences
master suite,Novotel Suites Paris Expo Porte de Versailles
master suite,Senato Hotel Milano
master suite,Novotel Suites Paris Nord 18 me
master suite,Hotel Ares Eiffel
master suite,Sofitel Paris Baltimore Tour Eiffel
master suite,London Hilton on Park Lane
master suite,Grand Hotel Downtown
master suite,Idol Hotel
master suite,Waldorf Madeleine
master suite,Waldorf Astoria Amsterdam
master suite,W12 Rooms
master suite,W Paris Op ra
master suite,W London Leicester Square
master suite,W Barcelona
master suite,W Amsterdam
master suite,Vincci Maritimo
master suite,Vincci Mae
master suite,Vincci Gala
master suite,Vincci Bit
master suite,Villa Panth on
master suite,Villa Opera Drouot
master suite,Villa Montparnasse
master suite,Villa Lut ce Port Royal
master suite,Villa Beaumarchais
master suite,Villa Alessandra
master suite,Vilana Hotel
master suite,Vienna Sporthotel
master suite,Vienna Marriott Hotel
master suite,Victoires Opera
master suite,Victoire Germain
master suite,Vice Versa
penthouse,Hotel Les Rives de Notre Dame
penthouse,Grand Hotel Downtown
penthouse,Villa Eugenie
penthouse,Mercure Paris Porte d Orleans
penthouse,Melia Paris Champs Elys es
penthouse,AC Hotel Sants a Marriott Lifestyle Hotel
penthouse,AC Hotel Paris Porte Maillot by Marriott
penthouse,AC Hotel Milano a Marriott Lifestyle Hotel
penthouse,AC Hotel Irla a Marriott Lifestyle Hotel
penthouse,AC Hotel Diagonal L Illa a Marriott Lifestyle Hotel
penthouse,AC Hotel Barcelona Forum a Marriott Lifestyle Hotel
penthouse,ABaC Restaurant Hotel Barcelona GL Monumento
penthouse,A La Villa Madame
penthouse,9Hotel Republique
penthouse,88 Studios
penthouse,45 Park Lane Dorchester Collection
penthouse,41
penthouse,25hours Hotel beim MuseumsQuartier
penthouse,1K Hotel
penthouse,Windermere Hotel
penthouse,Wilson Boutique Hotel
penthouse,Westside Arc de Triomphe Hotel
penthouse,WestCord Fashion Hotel Amsterdam
penthouse,WestCord Art Hotel Amsterdam 4 stars
penthouse,Washington Mayfair Hotel
penthouse,Warwick Paris Former Warwick Champs Elysees 
penthouse,Waldorf Madeleine
penthouse,Waldorf Astoria Amsterdam
penthouse,W12 Rooms
penthouse,W Paris Op ra
penthouse,W London Leicester Square
penthouse,W Barcelona
penthouse,W Amsterdam
penthouse,Vincci Maritimo
penthouse,Vincci Mae
penthouse,Vincci Gala
penthouse,Vincci Bit
penthouse,Villa d Estr es
penthouse,Villa Panth on
penthouse,Villa Opera Drouot
penthouse,Villa Montparnasse
penthouse,Villa Lut ce Port Royal
penthouse,Villa Beaumarchais
penthouse,Villa Alessandra
penthouse,Vilana Hotel
penthouse,Vienna Sporthotel
penthouse,Vienna Marriott Hotel
penthouse,Victoria Palace Hotel
penthouse,Victoires Opera
penthouse,Victoire Germain
penthouse,Vice Versa
penthouse,Urban Lodge Hotel
penthouse,Uptown Palace
penthouse,Upper Diagonal
penthouse,United Lodge Hotel and Apartments
penthouse,UNA Maison Milano
penthouse,UNA Hotel Scandinavia
penthouse,UNA Hotel Mediterraneo
penthouse,UNA Hotel Cusani
penthouse,UNA Hotel Century
penthouse,U232 Hotel
penthouse,Twenty Nevern Square Hotel
penthouse,Tryp Barcelona Condal Mar Hotel
penthouse,Tryp Barcelona Apolo Hotel
penthouse,Trinit Haussmann
penthouse,TownHouse Galleria
penthouse,TownHouse Duomo
penthouse,TownHouse 33
penthouse,TownHouse 12
penthouse,Timhotel Op ra Grands Magasins
penthouse,Timhotel Op ra Blanche Fontaine
penthouse,Threadneedles Autograph Collection
penthouse,Thistle Trafalgar Square The Royal Trafalgar
penthouse,Thistle Kensington Gardens
penthouse,Thistle Hyde Park
penthouse,Thistle Holborn The Kingsley
penthouse,Thistle Euston
penthouse,TheWesley
penthouse,The Zetter Townhouse Marylebone
penthouse,The Zetter Townhouse Clerkenwell
penthouse,The Zetter Hotel
penthouse,The Yard Milano
penthouse,The Wittmore Adults Only
penthouse,The Whitechapel
penthouse,The Westin Paris Vend me
penthouse,The Westin Palace
penthouse,The Westbury A Luxury Collection Hotel Mayfair London
penthouse,The Westbridge Hotel
penthouse,The Westbourne Hyde Park
penthouse,The Wellesley Knightsbridge a Luxury Collection Hotel London
penthouse,The Waldorf Hilton
penthouse,The Victoria
penthouse,The Trafalgar Hilton
penthouse,The Tower A Guoman Hotel
penthouse,The Toren
penthouse,The Tophams Hotel
penthouse,The Sumner Hotel
penthouse,The Student Hotel Amsterdam City
penthouse,The Stafford London
penthouse,The Square Milano Duomo
family room,Best Western Atlantic Hotel
family room,Renaissance Amsterdam Hotel
family room,Starhotels Anderson
family room,H tel de Jos phine BONAPARTE
family room,H tel Mansart Esprit de France
family room,The Queens Gate Hotel
family room,H tel Aiglon Esprit de France
family room,Paris Marriott Champs Elysees Hotel
family room,Best Western Maitrise Hotel Edgware Road
family room,H tel Beauchamps
family room,Best Western Bretagne Montparnasse
family room,Meli Milano
family room,Le M ridien Barcelona
family room,Park Plaza County Hall London
family room,Austria Trend Hotel Bosei Wien
family room,Landmark London
family room,H tel Raphael
family room,Haymarket Hotel
family room,Best Western Op ra Batignolles
family room,Novotel Paris Centre Gare Montparnasse
family room,Cordial Theaterhotel Wien
family room,Novotel Barcelona City
family room,88 Studios
family room,Hotel G tico
family room,Hotel Villa Lafayette Paris IX
family room,H tel de Banville
family room,Courtyard by Marriott Vienna Prater Messe
family room,Brunelleschi Hotel
family room,Plaza Tour Eiffel
family room,St James Hotel Club Mayfair
family room,Hotel Villa Saxe Eiffel
family room,Best Western Madison Hotel
family room,NH Collection Amsterdam Barbizon Palace
family room,Hotel Le Sainte Beuve
family room,The Athenaeum
family room,Windermere Hotel
family room,Hotel Le Saint Gregoire
family room,Palais Hansen Kempinski Vienna
family room,Hotel Rathaus Wein Design
family room,Park Lane Mews Hotel
family room,H tel Regent s Garden
family room,The Hub Hotel
family room,Hotel Barcelona Center
family room,Hotel Principe Di Savoia
family room,Le Grand H tel de Normandie
family room,U232 Hotel
family room,Sina De La Ville
family room,Hilton Garden Inn Vienna South
family room,Hotel Opera Cadet
family room,Courtyard by Marriott Amsterdam Arena Atlas
family room,H tel Crayon Rouge by Elegancia
family room,Dukes Hotel
family room,H tel Moli re
family room,Hotel Kaiserin Elisabeth
family room,Caesar Hotel
family room,Crowne Plaza Amsterdam South
family room,Zenit Borrell
family room,The Hoxton Shoreditch
family room,Catalonia Ramblas 4 Sup
family room,Vienna Marriott Hotel
family room,Hotel Eden
family room,Golden Tulip Washington Opera
family room,NH City Centre Amsterdam
family room,LHP Hotel Napoleon
family room,Millennium Hotel London Mayfair
family room,The Bloomsbury Hotel
family room,Best Western PLUS Epping Forest
family room,Nolinski Paris
family room,Hotel Duminy Vendome
family room,citizenM London Shoreditch
family room,Hyatt Regency Amsterdam
family room,Franklin Roosevelt
family room,Courthouse Hotel London
family room,H10 Casanova
family room,InterContinental London Park Lane
family room,Atahotel Linea Uno
family room,Hotel Mentana
family room,Royal Garden Hotel
family room,Ilunion Barcelona
family room,H tel De Vend me
family room,Hotel Imlauer Wien
family room,Fifty Four Boutique Hotel
family room,The Dorchester Dorchester Collection
family room,Radisson Blu Hotel Milan
family room,Hotel Clerici
family room,Hotel Schild
family room,Hotel Omm
family room,Park Plaza London Waterloo
family room,H tel Diva Opera
family room,Catalonia Square 4 Sup
family room,Austria Trend Hotel Doppio Wien
family room,NH Barcelona Stadium
family room,Golden Tulip Opera de Noailles
family room,The Park Tower Knightsbridge a Luxury Collection Hotel
family room,Mercure Paris Montmartre Sacr Coeur
family room,Hotel Monceau Wagram
family room,The Premier Notting Hill
family room,Hotel Mailberger Hof
family room,Hotel Garbi Millenni
family room,Hotel Kavalier
loft,11 Cadogan Gardens
loft,Hotel Liberty
loft,Ibis Styles Paris Gare Saint Lazare
loft,Villa Eugenie
loft,ADI Doria Grand Hotel
loft,ADI Hotel Poliziano Fiera
loft,ARCOTEL Kaiserwasser Superior
loft,ARCOTEL Wimberger
loft,AZIMUT Hotel Vienna
loft,Abba Garden
loft,Abba Sants
loft,Acad mie H tel Saint Germain
loft,Acca Palace
loft,Ace Hotel London Shoreditch
loft,Acevi Villarroel
loft,Acta Atrium Palace
loft,Acta CITY47
loft,Admiral Hotel
loft,Adria Boutique Hotel
loft,Ako Suites Hotel
loft,Vincci Gala
loft,Vincci Mae
loft,Vincci Maritimo
loft,W Amsterdam
loft,W Barcelona
loft,W London Leicester Square
loft,W Paris Op ra
loft,W12 Rooms
loft,Waldorf Astoria Amsterdam
loft,Waldorf Madeleine
loft,Warwick Paris Former Warwick Champs Elysees 
loft,Washington Mayfair Hotel
loft,WestCord Art Hotel Amsterdam 4 stars
loft,WestCord Fashion Hotel Amsterdam
loft,Westside Arc de Triomphe Hotel
loft,Wilson Boutique Hotel
loft,Urban Lodge Hotel
loft,Vice Versa
loft,Victoire Germain
loft,Victoires Opera
loft,Victoria Palace Hotel
loft,Vienna Marriott Hotel
loft,Vienna Sporthotel
loft,Vilana Hotel
loft,Villa Alessandra
loft,Villa Beaumarchais
loft,Villa Lut ce Port Royal
loft,Villa Montparnasse
loft,Villa Opera Drouot
loft,Villa Panth on
loft,Villa d Estr es
loft,Vincci Bit
loft,TownHouse 33
loft,TownHouse Duomo
loft,TownHouse Galleria
loft,Trinit Haussmann
loft,Tryp Barcelona Apolo Hotel
loft,Tryp Barcelona Condal Mar Hotel
loft,Twenty Nevern Square Hotel
loft,U232 Hotel
loft,UNA Hotel Century
loft,UNA Hotel Cusani
loft,UNA Hotel Mediterraneo
loft,UNA Hotel Scandinavia
loft,UNA Maison Milano
loft,United Lodge Hotel and Apartments
loft,Upper Diagonal
loft,Uptown Palace
loft,The Whitechapel
loft,The Wittmore Adults Only
loft,The Yard Milano
loft,The Zetter Hotel
loft,The Zetter Townhouse Clerkenwell
loft,The Zetter Townhouse Marylebone
loft,TheWesley
loft,Thistle Euston
loft,Thistle Holborn The Kingsley
loft,Thistle Hyde Park
loft,Thistle Kensington Gardens
loft,Thistle Trafalgar Square The Royal Trafalgar
loft,Threadneedles Autograph Collection
loft,Timhotel Op ra Blanche Fontaine
loft,Timhotel Op ra Grands Magasins
loft,TownHouse 12
loft,The Square Milano Duomo
loft,The Stafford London
loft,The Student Hotel Amsterdam City
loft,The Sumner Hotel
loft,The Tophams Hotel
loft,The Toren
loft,The Tower A Guoman Hotel
loft,The Trafalgar Hilton
loft,The Victoria
loft,The Waldorf Hilton
loft,The Wellesley Knightsbridge a Luxury Collection Hotel London
loft,The Westbourne Hyde Park
loft,The Westbridge Hotel
loft,The Westbury A Luxury Collection Hotel Mayfair London
loft,The Westin Palace
loft,The Westin Paris Vend me
comfort room,Gran Hotel Torre Catalunya
comfort room,Leonardo Hotel Vienna
comfort room,Hotel mbit Barcelona
comfort room,Fleming s Conference Hotel Wien
comfort room,Timhotel Op ra Grands Magasins
comfort room,Hotel Serhs Rivoli Rambla
comfort room,Timhotel Op ra Blanche Fontaine
comfort room,Silken Concordia
comfort room,Hotel Prinz Eugen
comfort room,Hotel Pension Baron am Schottentor
comfort room,Apollofirst Boutique Hotel
comfort room,Grand Ferdinand Vienna Your Hotel In The City Center
comfort room,BEST WESTERN PLUS Amedia Wien
comfort room,Royal Passeig de Gracia
comfort room,ARCOTEL Kaiserwasser Superior
comfort room,The Gates Diagonal Barcelona
comfort room,Guitart Grand Passage
comfort room,H tel Juliana Paris
comfort room,Best Western Tour Eiffel Invalides
comfort room,Okko Hotels Paris Porte De Versailles
comfort room,Hotel V Nesplein
comfort room,Hotel Boltzmann
comfort room,Vienna Sporthotel
comfort room,Simm s Hotel
comfort room,Silken Ramblas
comfort room,Best Western Hotel City
comfort room,Leonardo Hotel Milan City Center
comfort room,Hotel JL No76
comfort room,Hotel Amsterdam De Roode Leeuw
comfort room,ARCOTEL Wimberger
comfort room,Best Western Le 18 Paris
comfort room,Hotel degli Arcimboldi
comfort room,Catalonia Catedral
comfort room,The Lanesborough
comfort room,IH Hotels Milano Gioia
comfort room,Catalonia Born
comfort room,Hotel Erzherzog Rainer
comfort room,Ozo Hotel
comfort room,Knightsbridge Hotel
comfort room,Vilana Hotel
comfort room,The Rookery
comfort room,Hotel Indigo Barcelona Plaza Catalunya
comfort room,Hotel Casa Bonay
comfort room,Saint Georges Hotel
comfort room,Napoleon Paris
comfort room,Grange Clarendon Hotel
comfort room,Hotel D Este
comfort room,Mercure Paris Opera Garnier
comfort room,TRYP Paris Op ra
comfort room,Eurostars Ramblas
comfort room,H10 London Waterloo
comfort room,Exe Vienna
comfort room,Rosa Grand Milano Starhotels Collezione
comfort room,Hotel Romana Residence
comfort room,Hotel Montaigne
comfort room,H tel Chaplain Paris Rive Gauche
comfort room,H10 Marina Barcelona
comfort room,DoubleTree by Hilton London Hyde Park
comfort room,H tel Les Dames du Panth on
comfort room,The Westbridge Hotel
comfort room,Gardette Park Hotel
comfort room,Les Matins de Paris Spa
comfort room,Hotel Liberty
comfort room,Copthorne Tara Hotel London Kensington
comfort room,Ace Hotel London Shoreditch
comfort room,Gran Hotel Barcino
comfort room,Hotel Ambassador
comfort room,The Cranley Hotel
comfort room,Hotel Royal Elys es
comfort room,Hotel Claridge Paris
comfort room,Hotel Wagner
comfort room,Hotel Daniel Paris
comfort room,Ibis Styles Milano Palmanova
comfort room,Millennium Copthorne Hotels at Chelsea Football Club
comfort room,Mercure Amsterdam Sloterdijk Station
comfort room,citizenM London Bankside
comfort room,The London EDITION
comfort room,Best Western Amiral Hotel
comfort room,TheWesley
comfort room,Holiday Inn London Bloomsbury
comfort room,Haymarket Hotel
comfort room,Best Western Hotel Major
comfort room,Villa Montparnasse
comfort room,Hotel Le 10 BIS
comfort room,Radisson Blu Edwardian Hampshire
comfort room,Golden Tulip Amsterdam West
comfort room,My Home In Paris
comfort room,Mercure Hotel Amsterdam City South
comfort room,Hotel DO Pla a Reial G L 
comfort room,Camperio House Suites Apartments
comfort room,Hotel Pierre Milano
comfort room,Antares Hotel Accademia
comfort room,Shepherd s Bush Boutique Hotel
comfort room,H tel Monna Lisa Champs Elys es
comfort room,K K Hotel Maria Theresia
comfort room,Hilton Paris Opera
comfort room,Das Opernring Hotel
comfort room,H tel Hor
comfort room,Best Western Hotel St George
comfort room,Hotel Atmospheres
cosy room,Strand Palace Hotel
cosy room,Hotel Villa Lafayette Paris IX
cosy room,The Lodge Hotel Putney
cosy room,Hotel degli Arcimboldi
cosy room,Catalonia Catedral
cosy room,The Lanesborough
cosy room,IH Hotels Milano Gioia
cosy room,Catalonia Born
cosy room,Hotel Erzherzog Rainer
cosy room,Ozo Hotel
cosy room,Knightsbridge Hotel
cosy room,Vilana Hotel
cosy room,The Rookery
cosy room,Hotel Indigo Barcelona Plaza Catalunya
cosy room,Hotel Casa Bonay
cosy room,Saint Georges Hotel
cosy room,Napoleon Paris
cosy room,Grange Clarendon Hotel
cosy room,Hotel D Este
cosy room,Mercure Paris Opera Garnier
cosy room,TRYP Paris Op ra
cosy room,Eurostars Ramblas
cosy room,H10 London Waterloo
cosy room,Exe Vienna
cosy room,Rosa Grand Milano Starhotels Collezione
cosy room,Hotel Romana Residence
cosy room,Hotel Montaigne
cosy room,H tel Chaplain Paris Rive Gauche
cosy room,H10 Marina Barcelona
cosy room,DoubleTree by Hilton London Hyde Park
cosy room,H tel Les Dames du Panth on
cosy room,The Westbridge Hotel
cosy room,Gardette Park Hotel
cosy room,Les Matins de Paris Spa
cosy room,Hotel Liberty
cosy room,Copthorne Tara Hotel London Kensington
cosy room,Ace Hotel London Shoreditch
cosy room,Gran Hotel Barcino
cosy room,Hotel Ambassador
cosy room,The Cranley Hotel
cosy room,Hotel Royal Elys es
cosy room,Hotel Claridge Paris
cosy room,Hotel Wagner
cosy room,Hotel Daniel Paris
cosy room,Ibis Styles Milano Palmanova
cosy room,Millennium Copthorne Hotels at Chelsea Football Club
cosy room,Mercure Amsterdam Sloterdijk Station
cosy room,citizenM London Bankside
cosy room,The London EDITION
cosy room,Best Western Amiral Hotel
cosy room,TheWesley
cosy room,Holiday Inn London Bloomsbury
cosy room,Haymarket Hotel
cosy room,Best Western Hotel Major
cosy room,Villa Montparnasse
cosy room,Hotel Le 10 BIS
cosy room,Radisson Blu Edwardian Hampshire
cosy room,Golden Tulip Amsterdam West
cosy room,My Home In Paris
cosy room,Mercure Hotel Amsterdam City South
cosy room,Hotel DO Pla a Reial G L 
cosy room,Camperio House Suites Apartments
cosy room,Hotel Pierre Milano
cosy room,Antares Hotel Accademia
cosy room,Shepherd s Bush Boutique Hotel
cosy room,H tel Monna Lisa Champs Elys es
cosy room,K K Hotel Maria Theresia
cosy room,Hilton Paris Opera
cosy room,Das Opernring Hotel
cosy room,H tel Hor
cosy room,Best Western Hotel St George
cosy room,Hotel Atmospheres
cosy room,Le Relais Montmartre
cosy room,Hotel 4 Barcelona
cosy room,Atahotel Contessa Jolanda
cosy room,H tel Baume
cosy room,Park Plaza Victoria London
cosy room,Best Western Op ra Batignolles
cosy room,Mercure Tour Eiffel Grenelle
cosy room,Great Northern Hotel A Tribute Portfolio Hotel London
cosy room,Crowne Plaza London Kensington
cosy room,Intercontinental London The O2
cosy room,Hotel Bagu s
cosy room,Hotel Rekord
cosy room,Hotel Granados 83
cosy room,Hotel Eiffel Blomet
cosy room,London Bridge Hotel
cosy room,Cordial Theaterhotel Wien
cosy room,Hotel Manzoni
cosy room,Auteuil Tour Eiffel
cosy room,H tel California Champs Elys es
cosy room,Hotel G tico
cosy room,Ilunion Almirante
cosy room,The RE London Shoreditch
cosy room,H10 Itaca
cosy room,Rainers Hotel Vienna
cosy room,Park Hotel
cosy room,Andaz London Liverpool Street
cosy room,Art Hotel Navigli
cosy room,Best Western Aulivia Op ra
king suite,H tel L Echiquier Op ra Paris MGallery by Sofitel
king suite,Sofitel Paris Baltimore Tour Eiffel
king suite,The Curtain
king suite,Radisson Blu Edwardian Hampshire
king suite,Morgan Mees
king suite,Best Western Plus 61 Paris Nation Hotel
king suite,The Savoy
king suite,H tel Ad le Jules
king suite,The Montague On The Gardens
king suite,Mercure London Hyde Park
king suite,Park Plaza Victoria Amsterdam
king suite,L Edmond H tel
king suite,The Nadler Kensington
king suite,The Trafalgar Hilton
king suite,Staybridge Suites London Stratford
king suite,Royal Garden Hotel
king suite,every hotel Piccadilly
king suite,Lyric H tel Paris
king suite,Bentley London
king suite,Conrad London St James
king suite,Four Seasons Hotel George V Paris
king suite,Hyatt Regency London The Churchill
king suite,Hilton Garden Inn Milan North
king suite,Le A
king suite,The Wittmore Adults Only
king suite,AC Hotel Victoria Suites a Marriott Lifestyle Hotel
king suite,Radisson Blu Edwardian Kenilworth
king suite,45 Park Lane Dorchester Collection
king suite,Villa d Estr es
king suite,Hotel De Vigny
king suite,The Connaught
king suite,MARQUIS Faubourg St Honor Relais Ch teaux
king suite,The Stafford London
king suite,Sofitel London St James
king suite,St James Court A Taj Hotel London
king suite,The Chesterfield Mayfair
king suite,AC Hotel Irla a Marriott Lifestyle Hotel
king suite,Victoria Palace Hotel
king suite,Radisson Blu Edwardian New Providence Wharf
king suite,Hotel Magna Pars Small Luxury Hotels of the World
king suite,Best Western Premier Kaiserhof Wien
king suite,AC Hotel Diagonal L Illa a Marriott Lifestyle Hotel
king suite,Steigenberger Hotel Herrenhof
king suite,Bulgari Hotel London
king suite,Adria Boutique Hotel
king suite,The Yard Milano
king suite,Holiday Inn Paris Notre Dame
king suite,Falkensteiner Hotel Wien Zentrum Schottenfeld
king suite,BEST WESTERN Maitrise Hotel Maida Vale
king suite,Boundary Rooms Suites
king suite,H tel Mansart Esprit de France
king suite,Le Pavillon de la Reine Spa
king suite,Waldorf Astoria Amsterdam
king suite,Hyatt Regency Amsterdam
king suite,Amarante Beau Manoir
king suite,Alexandra Barcelona A DoubleTree by Hilton
king suite,Les Jardins Du Marais
king suite,UNA Hotel Century
king suite,Pulitzer Amsterdam
king suite,The Grosvenor
king suite,Apex Temple Court Hotel
king suite,Marlin Waterloo
king suite,The Ritz London
king suite,Chasse Hotel
king suite,Rubens At The Palace
king suite,Palais Coburg Residenz
king suite,TownHouse 12
king suite,The Berkeley
king suite,H tel Mathis Elys es
king suite,London Marriott Hotel Park Lane
king suite,Flemings Mayfair
king suite,Oceania Paris Porte De Versailles
king suite,Hotel du Collectionneur Arc de Triomphe
king suite,Ten Manchester Street Hotel
king suite,Park Plaza London Park Royal
king suite,Sina The Gray
king suite,InterContinental Amstel Amsterdam
king suite,Hotel Seven One Seven
king suite,Schlosshotel R mischer Kaiser
king suite,Luxury Suites Amsterdam
king suite,Grosvenor House A JW Marriott Hotel
king suite,Suites H tel Helzear Montparnasse
king suite,Le M ridien Barcelona
king suite,The Westbourne Hyde Park
king suite,H tel De Buci by MH
king suite,Park Plaza Vondelpark Amsterdam
king suite,Hotel Maison FL
king suite,Hilton London Bankside
king suite,Apex London Wall Hotel
king suite,Monument Hotel
king suite,Lindner Hotel Am Belvedere
king suite,Ohla Barcelona
king suite,Hotel Les Rives de Notre Dame
king suite,The Leonard Hotel
king suite,Residence Du Roy
king suite,Comfort Inn Suites Kings Cross St Pancras
king suite,Corinthia Hotel London
king suite,The Cleveland
king suite,H tel Raphael
king suite,Hotel Oscar
city view,Melia Barcelona Sky 4 Sup
city view,Gran Hotel La Florida
city view,The One Barcelona GL
city view,AC Hotel Milano a Marriott Lifestyle Hotel
city view,H10 Cubik 4 Sup
city view,AC Hotel Sants a Marriott Lifestyle Hotel
city view,Shangri La Hotel at The Shard London
city view,Melia Barcelona Sarri 
city view,Fleming s Selection Hotel Wien City
city view,Aparthotel Adagio Vienna City
city view,ME London by Melia
city view,Senato Hotel Milano
city view,The Level at Melia Barcelona Sky
city view,Le 7 Eiffel Hotel
city view,Senator Hotel Vienna
city view,Apex Temple Court Hotel
city view,Grand Hotel Downtown
city view,Palais Coburg Residenz
city view,COMO The Halkin
city view,Apex London Wall Hotel
city view,H10 Port Vell 4 Sup
city view,Hotel du Louvre in the Unbound Collection by Hyatt
city view,London Marriott Hotel Grosvenor Square
city view,M venpick Hotel Amsterdam City Centre
city view,H10 Urquinaona Plaza
city view,Melia Paris Notre Dame
city view,Amadi Panorama Hotel
city view,NH Collection Amsterdam Doelen
city view,NH Hesperia Barcelona Presidente
city view,Good Hotel London
city view,DO CO Hotel Vienna
city view,Dikker en Thijs Fenice Hotel
city view,Mandarin Oriental Hyde Park London
city view,Hotel Stefanie
city view,Hotel 55
city view,Hilton Amsterdam
city view,Andaz Amsterdam Prinsengracht A Hyatt Hotel
city view,The Hoxton Amsterdam
city view,Hilton Diagonal Mar Barcelona
city view,Maison Borella
city view,Hotel Schani Wien
city view,De L Europe Amsterdam
city view,Duquesa Suites Barcelona
city view,Hotel Tiziano Park Vita Parcour Gruppo MiniHotels
city view,Park Plaza Westminster Bridge London
city view,TownHouse Duomo
city view,Pullman Paris Montparnasse
city view,London Marriott Hotel West India Quay
city view,Hotel Am Stephansplatz
city view,TownHouse Galleria
city view,Le Parisis Paris Tour Eiffel
city view,Col n Hotel Barcelona
city view,Le Meridien Vienna
city view,Amp re
city view,Snob Hotel by Elegancia
city view,H tel Brighton Esprit de France
city view,Apollo Hotel Amsterdam
city view,Amsterdam Canal Residence
city view,The Wellesley Knightsbridge a Luxury Collection Hotel London
city view,The Tower A Guoman Hotel
city view,H tel Gustave
city view,The Toren
city view,Sofitel Legend The Grand Amsterdam
city view,Hilton London Wembley
city view,Ramada Apollo Amsterdam Centre
city view,Shangri La Hotel Paris
city view,Hotel Ares Eiffel
city view,Pullman Paris Tour Eiffel
city view,The Guesthouse Vienna
city view,London Marriott Hotel County Hall
city view,Belfast
city view,Best Western Le 18 Paris
city view,Hotel OFF Paris Seine
city view,Terrass H tel Montmartre by MH
city view,Royal Ramblas
city view,Vincci Mae
city view,Vincci Gala
city view,Vincci Bit
city view,Villa d Estr es
city view,Villa Panth on
city view,Villa Opera Drouot
city view,Villa Montparnasse
city view,Villa Lut ce Port Royal
city view,Villa Beaumarchais
city view,Villa Alessandra
city view,Vilana Hotel
city view,Vienna Sporthotel
city view,Vienna Marriott Hotel
city view,Victoria Palace Hotel
city view,Victoires Opera
city view,Victoire Germain
city view,Vice Versa
city view,Urban Lodge Hotel
city view,Uptown Palace
city view,Upper Diagonal
city view,United Lodge Hotel and Apartments
city view,UNA Maison Milano
city view,UNA Hotel Scandinavia
city view,UNA Hotel Mediterraneo
city view,UNA Hotel Cusani
